name,daNeeded,anchorText,url,requested,da,postTitle,postPlacement,,,,,,,domain,categories,Bloggers In Category
Kensington Systems,DA20+Silver,school canopies,https://kensingtonsystems.co.uk/spaceshade/education,04/01/2024
There Be Giants,DA20+Silver,okr training,https://therebegiants.com/okr-training/,04/01/2024
Hysons,DA20+Silver,business accounting services,https://www.hysons.co.uk/business-services/,04/01/2024
Acticare,DA20+Silver,care home supplies,https://shop.acticareuk.com/Products/products,04/01/2024
Acticare,DA30+Gold,incontinence pads for elderly,https://shop.acticareuk.com/Products/Incontinence-Pads,04/01/2024
BCL Timber,DA10+Bronze,wooden ceilings,https://bcltimberprojects.co.uk/panel-systems/internal-ceilings,04/01/2024
Berkeley Castle,DA10+Bronze,castle weddings uk,https://www.berkeleycastleweddings.co.uk/prices,04/01/2024
CMP Solutions,DA10+Bronze,business transformation consulting services,https://cmpsolutions.ie/all-services/business-transformation/,04/01/2024
Devon and Cornwall Aesthetics,DA10+Bronze,advanced aesthetics training,https://devonandcornwallaesthetics.co.uk/aesthetics-training-courses/,04/01/2024
Gerry O'Leary,DA10+Bronze,architectural interior photographer dubai,https://gerryoleary.com/architectural-photography/,04/01/2024
AS Landscapes,DA20+Silver,landscape design service,https://www.as-landscapes.co.uk/design-service/,04/01/2024
LV Fuel Services,DA20+Silver,oil tank replacement,https://www.lvfuelservices.co.uk/services/domestic/domestic-fuel-tank-installation-and-replacement/,04/01/2024
LV Fuel Services,DA30+Gold,oil tank services,https://www.lvfuelservices.co.uk/services/,04/01/2024
ScentAir,DA20+Silver,scent marketing,https://scentair.com/en_gb/business-solutions,04/01/2024
SWSweb,DA20+Silver,website maintenance packages,https://swsweb.co.uk/services/website-maintenance/maintenance-packages,04/01/2024
SWSweb,DA20+Silver,wordpress website maintenance services,https://swsweb.co.uk/services/website-maintenance/wordpress-maintenance-services,04/01/2024
Strategic Proposals,DA10+Bronze,apmp qualification,https://www.strategicproposals.com/our-services/apmp-certification,04/01/2024
Navivva-splendid,DA20+Silver,sports water bottles,https://navivva-splendid.com/collections/2-2-litre-water-bottle-with-sleeve,05/01/2024
Amber Group,DA10+Bronze,insights training uk,https://www.ambergroup.co.uk/insights-discovery,08/01/2024
Bravequest,DA20+Silver,uk fulfilment services,https://www.fulfilmentservicesuk.co.uk/project/e-commerce-fulfilment-services/,05/01/2024
Bravequest,DA10+Bronze,fulfilment company,https://www.fulfilmentservicesuk.co.uk/,05/01/2024
AirPack Systems,DA20+Silver,air bags for packing,https://airpacksystems.com/,05/01/2024
LED Futures,DA10+Bronze,led lighting design,https://www.ledfutureslighting.co.uk/services/lighting-design-accuracy/,05/01/2024
Knightliner Executive Travel,DA20+Silver,minibus hire oxfordshire,https://knightlinerexecutivetravel.co.uk/minibus-hire-oxfordshire/,05/01/2024
Skipton Properties,DA20+Silver,houses for sale silsden,https://www.skiptonproperties.com/developments/the-willows-silsden/,05/01/2024
Western Cars Horley,DA10+Bronze,gatwick airport taxis,https://westerncars-horley.co.uk/gatwick-airport-taxi/,08/01/2024
Western Cars Horsham,DA10+Bronze,taxi horsham to gatwick,https://westerncars-horsham.co.uk/horsham-to-gatwick-transfers/,08/01/2024
Evalian,DA20+Silver,crest penetration testing,https://evalian.co.uk/evalian-are-crest-accredited-for-penetration-testing-services/,08/01/2024
Evalian,DA20+Silver,mobile app pen testing,https://evalian.co.uk/mobile-application-penetration-testing-whats-involved/,08/01/2024
Evalian,DA30+Gold,penetration testing uk,https://evalian.co.uk/penetration-testing/,08/01/2024
Spares 2 U,DA20+Silver,karcher k4 spares,https://www.spares2you.co.uk/karcher-k4-pressure-washer-spares/,08/01/2024
Spares 2 U,DA30+Gold,karcher k4 parts,https://www.spares2you.co.uk/karcher-k4-pressure-washer-spares/,08/01/2024
Lamp Spares,DA20+Silver,lampholders,https://www.lampspares.co.uk/lampholders/,08/01/2024
Lamp Spares,DA30+Gold,edison screw lamp holders,https://www.lampspares.co.uk/edison-es-e27-lampholders/,08/01/2024
WASHCO,DA20+Silver,miele professional washing machines,https://www.washco.co.uk/miele-commercial-washing-machines/ ,08/01/2024
WASHCO,DA20+Silver,heavy duty washing machines,https://www.washco.co.uk/commercial-washing-machines-products/,08/01/2024
City Hire,DA20+Silver,commercial tool hire in birmingham,https://www.cityhire.co.uk/service-area/commercial-tool-hire-birmingham,08/01/2024
City Hire,DA30+Gold,tool hire wolverhampton,https://www.cityhire.co.uk/service-area/commercial-tool-hire-wolverhampton,08/01/2024
Pragmatic Consulting,DA20+Silver,CITB Accredited Training Courses,https://www.pragmatic-consulting.co.uk/courses/citb,08/01/2024
Pragmatic Consulting,DA30+Gold,city & guilds training,https://www.pragmatic-consulting.co.uk/news/city-guild-training,08/01/2024
Atmosphere IT,DA10+Bronze,outsourced IT support,https://atmosphereit.co.uk/it-support/,08/01/2024
Wavefront,DA20+Silver,side scan sonar,https://www.wavefront.systems/solstice/,08/01/2024
Hedsor House,DA10+Bronze,asian wedding venues uk,https://www.hedsor.com/asian-weddings,08/01/2024
Nature's Finest,DA10+Bronze,fruit pots,https://naturesfinestfoods.co.uk/refreshing-fruit/,08/01/2024
Audax,DA10+Bronze,body worn camera uk,https://audaxsecurity.co.uk/products-bodyworn-video-cameras/,08/01/2024
Carter Electrical,DA10+Bronze,Reading electricians,https://carter-electrical.co.uk/,08/01/2024
Azzi Gambling,DA20+Silver,casino sign up offers,https://azzigambling.com/best-offers/,08/01/2024
Azzi Gambling,DA30+Gold,slot reviews,https://azzigambling.com/latest-slot-releases/,08/01/2024
Exmouth Body Aesthetics,DA10+Bronze,Laser Fat Removal,https://exmouthbodyaesthetics.com/,08/01/2024
DC White,DA10+Bronze,piping analysis,https://www.dcwhite.co.uk/pipework-analysis/,08/01/2024
Bounty Road,DA10+Bronze,basingstoke dental practice,https://www.bountyroaddental.co.uk/dental-services-basingstoke.html,08/01/2024
Polygon Dental Practice,DA10+Bronze,dental implants southampton,https://www.polygondental.co.uk/dental-implants/,08/01/2024
Venhills,DA30+Gold,part finder uk,https://www.venhill.co.uk/partfinder/search/,08/01/2024
Venhills,DA20+Silver,universal cables,https://www.venhill.co.uk/cables-and-components/universal-cable-kits.html,08/01/2024
Eastside People,DA10+Bronze,charity consultancy,https://eastsidepeople.org/consultancy-services/,08/01/2024
Inmalo,DA20+Silver,demolition tools,https://www.inmalo.co.uk/products/demolition,08/01/2024
Grace Safety & Compliance,DA10+Bronze,aviation consulting,https://gracesafetyandcompliance.com/consulting-1,08/01/2024
Simply Search,DA10+Bronze,technical seo agency,https://www.simply-search.co.uk/services/technical-seo-agency/,08/01/2024
Fresh Air Fitness,DA30+Gold,outdoor gym equipment,https://www.freshairfitness.co.uk/outdoor-gym-equipment,08/01/2024
Fresh Air Fitness,DA20+Silver,outdoor playground gym,https://www.freshairfitness.co.uk/who-for/education/primary,08/01/2024
Loftplan,DA30+Gold,loft conversion quote,https://www.loftplan.co.uk/services/,08/01/2024
Loftplan,DA20+Silver,loft conversion specialists,https://www.loftplan.co.uk/loft-conversion-company/,08/01/2024
Trafalgar Wharf,DA10+Bronze,boat sharing club,https://www.boatclubtrafalgar.com/what-is-boat-club-and-membership-boating/,08/01/2024
Music Radio Creative,DA20+Silver,voice overs,https://musicradiocreative.com/collections/voiceover,08/01/2024
Music Radio Creative,DA10+Bronze,podcast intro music,https://musicradiocreative.com/collections/podcast-essentials,08/01/2024
BCNO,DA10+Bronze,osteopathy training,https://bcnogroup.ac.uk/about-osteopathy/how-to-become-an-osteopath/,08/01/2024
Freevacy,DA30+Gold,data protection qualifications,https://www.freevacy.com/gdpr-training/bcs-practitioner-certificate-data-protection,08/01/2024
MB Associates,DA20+Silver,first time buyer mortgages,https://www.mbassociates.net/residential-mortgages/first-time-buyers/,08/01/2024
Freevacy,DA20+Silver,data protection courses,https://www.freevacy.com/gdpr-training/bcs-practitioner-certificate-data-protection,08/01/2024
Tensator,DA10+Bronze,retractable belt barriers,https://www.tensator.com/shop/product-category/retractable-barriers/,08/01/2024
Tensator,DA20+Silver,retractable safety barrier,https://www.tensator.com/shop/product-category/retractable-safety-barriers/,08/01/2024
Credit Plus,DA40+,car finance,https://www.creditplus.co.uk/car-finance/,08/01/2024
Credit Plus,DA40+,motorbike finance,https://www.creditplus.co.uk/vehicles-we-finance/motorbike-finance/,08/01/2024
Credit Plus,DA40+,hire purchase for car finance,https://www.creditplus.co.uk/car-loan-options/hire-purchase/,08/01/2024
Credit Plus,DA40+,car leasing,https://www.creditplus.co.uk/car-loan-options/car-leasing/,08/01/2024
Overcoming MS,DA20+Silver,ms diagnosis,https://overcomingms.org/about-ms/ms-diagnosis-full-guide,08/01/2024
Miles Stone,DA20+Silver,natural stone steps,https://www.milesstone.co.uk/collections/steps,08/01/2024
